{"cameraMode":{"drawMode":0,"name":"Shaded","section":"Shading Mode"},"sceneLighting":false,"audioPlay":false,"sceneViewState":{"m_AlwaysRefresh":false,"showFog":true,"showSkybox":false,"showFlares":true,"showImageEffects":true,"showParticleSystems":true,"showVisualEffectGraphs":true,"m_FxEnabled":true},"in2DMode":false,"pivot":{"x":1.06280517578125,"y":3.6520843505859377,"z":120.29229736328125},"rotation":{"x":-0.05119979381561279,"y":0.058985620737075809,"z":-0.003032467793673277,"w":-0.9969602227210999},"size":50.301509857177737,"orthographic":false}